{
  "hash": "d164c0d6",
  "configHash": "c0382c76",
  "lockfileHash": "30d01c13",
  "browserHash": "32aac950",
  "optimized": {
    "@angular/core": {
      "src": "../../../../../../node_modules/@angular/core/fesm2022/core.mjs",
      "file": "@angular_core.js",
      "fileHash": "de93f5d9",
      "needsInterop": false
    },
    "@angular/platform-browser": {
      "src": "../../../../../../node_modules/@angular/platform-browser/fesm2022/platform-browser.mjs",
      "file": "@angular_platform-browser.js",
      "fileHash": "eb166461",
      "needsInterop": false
    },
    "@angular/router": {
      "src": "../../../../../../node_modules/@angular/router/fesm2022/router.mjs",
      "file": "@angular_router.js",
      "fileHash": "5756279f",
      "needsInterop": false
    },
    "@angular/common": {
      "src": "../../../../../../node_modules/@angular/common/fesm2022/common.mjs",
      "file": "@angular_common.js",
      "fileHash": "d075e88e",
      "needsInterop": false
    },
    "@angular/common/http": {
      "src": "../../../../../../node_modules/@angular/common/fesm2022/http.mjs",
      "file": "@angular_common_http.js",
      "fileHash": "1685c8d0",
      "needsInterop": false
    }
  },
  "chunks": {
    "chunk-RT3ITFMY": {
      "file": "chunk-RT3ITFMY.js"
    },
    "chunk-JKHO4PEW": {
      "file": "chunk-JKHO4PEW.js"
    },
    "chunk-LNGJQ4BE": {
      "file": "chunk-LNGJQ4BE.js"
    },
    "chunk-NTS2FYPI": {
      "file": "chunk-NTS2FYPI.js"
    }
  }
}